{"cameraMode":{"drawMode":0,"name":"Shaded","section":"Shading Mode"},"sceneLighting":true,"audioPlay":false,"sceneViewState":{"m_AlwaysRefresh":false,"showFog":true,"showSkybox":true,"showFlares":true,"showImageEffects":true,"showParticleSystems":true,"showVisualEffectGraphs":true,"m_FxEnabled":true},"in2DMode":false,"pivot":{"x":-1.7819547653198243,"y":2.0193605422973635,"z":-4.167456150054932},"rotation":{"x":0.15562264621257783,"y":0.36493805050849917,"z":-0.062002114951610568,"w":0.9158543348312378},"size":3.30100154876709,"orthographic":true}